theta,phi,obj_id,filename,occlusion_pct,view_avg_pct,view_std_pct
0,0,5,,35.813953,5.367414,12.444538
0,0,6,,0.0,5.367414,12.444538
0,0,7,,1.757945,5.367414,12.444538
0,0,8,,0.0,5.367414,12.444538
0,0,9,,0.0,5.367414,12.444538
0,0,10,,0.0,5.367414,12.444538
0,0,11,,0.0,5.367414,12.444538
0,10,5,,36.150235,5.578467,12.497539
0,10,6,,0.0,5.578467,12.497539
0,10,7,,1.68691,5.578467,12.497539
0,10,8,,0.0,5.578467,12.497539
0,10,9,,1.212121,5.578467,12.497539
0,10,10,,0.0,5.578467,12.497539
0,10,11,,0.0,5.578467,12.497539
0,20,5,,36.363636,5.521886,12.604291
0,20,6,,0.0,5.521886,12.604291
0,20,7,,1.683502,5.521886,12.604291
0,20,8,,0.0,5.521886,12.604291
0,20,9,,0.606061,5.521886,12.604291
0,20,10,,0.0,5.521886,12.604291
0,20,11,,0.0,5.521886,12.604291
0,30,5,,35.680751,5.43535,12.362182
0,30,6,,0.0,5.43535,12.362182
0,30,7,,1.753203,5.43535,12.362182
0,30,8,,0.0,5.43535,12.362182
0,30,9,,0.613497,5.43535,12.362182
0,30,10,,0.0,5.43535,12.362182
0,30,11,,0.0,5.43535,12.362182
0,40,5,,35.813953,5.45492,12.408528
0,40,6,,0.0,5.45492,12.408528
0,40,7,,1.753203,5.45492,12.408528
0,40,8,,0.0,5.45492,12.408528
0,40,9,,0.617284,5.45492,12.408528
0,40,10,,0.0,5.45492,12.408528
0,40,11,,0.0,5.45492,12.408528
0,50,5,,35.211268,5.271168,12.236844
0,50,6,,0.0,5.271168,12.236844
0,50,7,,1.68691,5.271168,12.236844
0,50,8,,0.0,5.271168,12.236844
0,50,9,,0.0,5.271168,12.236844
0,50,10,,0.0,5.271168,12.236844
0,50,11,,0.0,5.271168,12.236844
0,60,5,,35.514019,5.41854,12.30204
0,60,6,,0.0,5.41854,12.30204
0,60,7,,1.816958,5.41854,12.30204
0,60,8,,0.0,5.41854,12.30204
0,60,9,,0.598802,5.41854,12.30204
0,60,10,,0.0,5.41854,12.30204
0,60,11,,0.0,5.41854,12.30204
0,70,5,,35.849057,5.371751,12.457004
0,70,6,,0.0,5.371751,12.457004
0,70,7,,1.753203,5.371751,12.457004
0,70,8,,0.0,5.371751,12.457004
0,70,9,,0.0,5.371751,12.457004
0,70,10,,0.0,5.371751,12.457004
0,70,11,,0.0,5.371751,12.457004
0,80,5,,34.722222,5.210944,12.063126
0,80,6,,0.0,5.210944,12.063126
0,80,7,,1.754386,5.210944,12.063126
0,80,8,,0.0,5.210944,12.063126
0,80,9,,0.0,5.210944,12.063126
0,80,10,,0.0,5.210944,12.063126
0,80,11,,0.0,5.210944,12.063126
0,90,5,,36.792453,5.516506,12.783837
0,90,6,,0.0,5.516506,12.783837
0,90,7,,1.823093,5.516506,12.783837
0,90,8,,0.0,5.516506,12.783837
0,90,9,,0.0,5.516506,12.783837
0,90,10,,0.0,5.516506,12.783837
0,90,11,,0.0,5.516506,12.783837
0,100,5,,34.40367,5.303819,11.89501
0,100,6,,0.0,5.303819,11.89501
0,100,7,,1.488498,5.303819,11.89501
0,100,8,,0.0,5.303819,11.89501
0,100,9,,1.234568,5.303819,11.89501
0,100,10,,0.0,5.303819,11.89501
0,100,11,,0.0,5.303819,11.89501
0,110,5,,36.018957,5.491362,12.478208
0,110,6,,0.0,5.491362,12.478208
0,110,7,,1.814516,5.491362,12.478208
0,110,8,,0.0,5.491362,12.478208
0,110,9,,0.606061,5.491362,12.478208
0,110,10,,0.0,5.491362,12.478208
0,110,11,,0.0,5.491362,12.478208
0,120,5,,36.744186,5.583819,12.735156
0,120,6,,0.0,5.583819,12.735156
0,120,7,,1.747312,5.583819,12.735156
0,120,8,,0.0,5.583819,12.735156
0,120,9,,0.595238,5.583819,12.735156
0,120,10,,0.0,5.583819,12.735156
0,120,11,,0.0,5.583819,12.735156
0,130,5,,35.714286,5.469769,12.365226
0,130,6,,0.0,5.469769,12.365226
0,130,7,,1.956815,5.469769,12.365226
0,130,8,,0.0,5.469769,12.365226
0,130,9,,0.617284,5.469769,12.365226
0,130,10,,0.0,5.469769,12.365226
0,130,11,,0.0,5.469769,12.365226
0,140,5,,34.2723,5.299928,11.84449
0,140,6,,0.0,5.299928,11.84449
0,140,7,,1.615074,5.299928,11.84449
0,140,8,,0.0,5.299928,11.84449
0,140,9,,1.212121,5.299928,11.84449
0,140,10,,0.0,5.299928,11.84449
0,140,11,,0.0,5.299928,11.84449
0,150,5,,34.883721,5.320281,12.084023
0,150,6,,0.0,5.320281,12.084023
0,150,7,,1.748487,5.320281,12.084023
0,150,8,,0.0,5.320281,12.084023
0,150,9,,0.609756,5.320281,12.084023
0,150,10,,0.0,5.320281,12.084023
0,150,11,,0.0,5.320281,12.084023
0,160,5,,34.883721,5.339874,12.078381
0,160,6,,0.0,5.339874,12.078381
0,160,7,,1.889339,5.339874,12.078381
0,160,8,,0.0,5.339874,12.078381
0,160,9,,0.606061,5.339874,12.078381
0,160,10,,0.0,5.339874,12.078381
0,160,11,,0.0,5.339874,12.078381
0,170,5,,35.211268,5.461885,12.164177
0,170,6,,0.0,5.461885,12.164177
0,170,7,,1.824324,5.461885,12.164177
0,170,8,,0.0,5.461885,12.164177
0,170,9,,1.197605,5.461885,12.164177
0,170,10,,0.0,5.461885,12.164177
0,170,11,,0.0,5.461885,12.164177
0,180,5,,35.514019,5.403091,12.306387
0,180,6,,0.0,5.403091,12.306387
0,180,7,,1.690331,5.403091,12.306387
0,180,8,,0.0,5.403091,12.306387
0,180,9,,0.617284,5.403091,12.306387
0,180,10,,0.0,5.403091,12.306387
0,180,11,,0.0,5.403091,12.306387
0,190,5,,35.348837,5.29131,12.284786
0,190,6,,0.0,5.29131,12.284786
0,190,7,,1.690331,5.29131,12.284786
0,190,8,,0.0,5.29131,12.284786
0,190,9,,0.0,5.29131,12.284786
0,190,10,,0.0,5.29131,12.284786
0,190,11,,0.0,5.29131,12.284786
0,200,5,,35.483871,5.424725,12.288406
0,200,6,,0.0,5.424725,12.288406
0,200,7,,1.886792,5.424725,12.288406
0,200,8,,0.0,5.424725,12.288406
0,200,9,,0.60241,5.424725,12.288406
0,200,10,,0.0,5.424725,12.288406
0,200,11,,0.0,5.424725,12.288406
0,210,5,,34.433962,5.275102,11.92143
0,210,6,,0.0,5.275102,11.92143
0,210,7,,1.889339,5.275102,11.92143
0,210,8,,0.0,5.275102,11.92143
0,210,9,,0.60241,5.275102,11.92143
0,210,10,,0.0,5.275102,11.92143
0,210,11,,0.0,5.275102,11.92143
0,220,5,,36.27907,5.521502,12.571105
0,220,6,,0.0,5.521502,12.571105
0,220,7,,1.757945,5.521502,12.571105
0,220,8,,0.0,5.521502,12.571105
0,220,9,,0.613497,5.521502,12.571105
0,220,10,,0.0,5.521502,12.571105
0,220,11,,0.0,5.521502,12.571105
0,230,5,,35.9447,5.481981,12.451843
0,230,6,,0.0,5.481981,12.451843
0,230,7,,1.819407,5.481981,12.451843
0,230,8,,0.0,5.481981,12.451843
0,230,9,,0.609756,5.481981,12.451843
0,230,10,,0.0,5.481981,12.451843
0,230,11,,0.0,5.481981,12.451843
0,240,5,,36.320755,5.497645,12.594852
0,240,6,,0.0,5.497645,12.594852
0,240,7,,1.553005,5.497645,12.594852
0,240,8,,0.0,5.497645,12.594852
0,240,9,,0.609756,5.497645,12.594852
0,240,10,,0.0,5.497645,12.594852
0,240,11,,0.0,5.497645,12.594852
0,250,5,,34.433962,5.1598,11.965253
0,250,6,,0.0,5.1598,11.965253
0,250,7,,1.684636,5.1598,11.965253
0,250,8,,0.0,5.1598,11.965253
0,250,9,,0.0,5.1598,11.965253
0,250,10,,0.0,5.1598,11.965253
0,250,11,,0.0,5.1598,11.965253
0,260,5,,35.849057,5.362118,12.459824
0,260,6,,0.0,5.362118,12.459824
0,260,7,,1.685772,5.362118,12.459824
0,260,8,,0.0,5.362118,12.459824
0,260,9,,0.0,5.362118,12.459824
0,260,10,,0.0,5.362118,12.459824
0,260,11,,0.0,5.362118,12.459824
0,270,5,,35.023041,5.349616,12.129945
0,270,6,,0.0,5.349616,12.129945
0,270,7,,1.814516,5.349616,12.129945
0,270,8,,0.0,5.349616,12.129945
0,270,9,,0.609756,5.349616,12.129945
0,270,10,,0.0,5.349616,12.129945
0,270,11,,0.0,5.349616,12.129945
0,280,5,,35.680751,5.465328,12.35329
0,280,6,,0.0,5.465328,12.35329
0,280,7,,1.951548,5.465328,12.35329
0,280,8,,0.0,5.465328,12.35329
0,280,9,,0.625,5.465328,12.35329
0,280,10,,0.0,5.465328,12.35329
0,280,11,,0.0,5.465328,12.35329
0,290,5,,35.514019,5.296494,12.348011
0,290,6,,0.0,5.296494,12.348011
0,290,7,,1.561439,5.296494,12.348011
0,290,8,,0.0,5.296494,12.348011
0,290,9,,0.0,5.296494,12.348011
0,290,10,,0.0,5.296494,12.348011
0,290,11,,0.0,5.296494,12.348011
0,300,5,,33.962264,5.179037,11.764819
0,300,6,,0.0,5.179037,11.764819
0,300,7,,1.681237,5.179037,11.764819
0,300,8,,0.0,5.179037,11.764819
0,300,9,,0.609756,5.179037,11.764819
0,300,10,,0.0,5.179037,11.764819
0,300,11,,0.0,5.179037,11.764819
0,310,5,,35.211268,5.280639,12.234092
0,310,6,,0.0,5.280639,12.234092
0,310,7,,1.753203,5.280639,12.234092
0,310,8,,0.0,5.280639,12.234092
0,310,9,,0.0,5.280639,12.234092
0,310,10,,0.0,5.280639,12.234092
0,310,11,,0.0,5.280639,12.234092
0,320,5,,35.377358,5.313824,12.28943
0,320,6,,0.0,5.313824,12.28943
0,320,7,,1.819407,5.313824,12.28943
0,320,8,,0.0,5.313824,12.28943
0,320,9,,0.0,5.313824,12.28943
0,320,10,,0.0,5.313824,12.28943
0,320,11,,0.0,5.313824,12.28943
0,330,5,,34.579439,5.160734,12.021971
0,330,6,,0.0,5.160734,12.021971
0,330,7,,1.545699,5.160734,12.021971
0,330,8,,0.0,5.160734,12.021971
0,330,9,,0.0,5.160734,12.021971
0,330,10,,0.0,5.160734,12.021971
0,330,11,,0.0,5.160734,12.021971
0,340,5,,34.722222,5.316958,12.021792
0,340,6,,0.0,5.316958,12.021792
0,340,7,,1.882986,5.316958,12.021792
0,340,8,,0.0,5.316958,12.021792
0,340,9,,0.613497,5.316958,12.021792
0,340,10,,0.0,5.316958,12.021792
0,340,11,,0.0,5.316958,12.021792
0,350,5,,36.320755,5.527117,12.585777
0,350,6,,0.0,5.527117,12.585777
0,350,7,,1.755571,5.527117,12.585777
0,350,8,,0.0,5.527117,12.585777
0,350,9,,0.613497,5.527117,12.585777
0,350,10,,0.0,5.527117,12.585777
0,350,11,,0.0,5.527117,12.585777
18,0,5,,43.171806,6.261279,15.069734
18,0,6,,0.0,6.261279,15.069734
18,0,7,,0.125235,6.261279,15.069734
18,0,8,,0.0,6.261279,15.069734
18,0,9,,0.531915,6.261279,15.069734
18,0,10,,0.0,6.261279,15.069734
18,0,11,,0.0,6.261279,15.069734
18,10,5,,36.160714,5.183831,12.646334
18,10,6,,0.0,5.183831,12.646334
18,10,7,,0.126103,5.183831,12.646334
18,10,8,,0.0,5.183831,12.646334
18,10,9,,0.0,5.183831,12.646334
18,10,10,,0.0,5.183831,12.646334
18,10,11,,0.0,5.183831,12.646334
18,20,5,,33.031674,4.746178,11.547695
18,20,6,,0.0,4.746178,11.547695
18,20,7,,0.191571,4.746178,11.547695
18,20,8,,0.0,4.746178,11.547695
18,20,9,,0.0,4.746178,11.547695
18,20,10,,0.0,4.746178,11.547695
18,20,11,,0.0,4.746178,11.547695
18,30,5,,28.181818,4.053553,9.850548
18,30,6,,0.0,4.053553,9.850548
18,30,7,,0.19305,4.053553,9.850548
18,30,8,,0.0,4.053553,9.850548
18,30,9,,0.0,4.053553,9.850548
18,30,10,,0.0,4.053553,9.850548
18,30,11,,0.0,4.053553,9.850548
18,40,5,,24.778761,3.567981,8.659532
18,40,6,,0.0,3.567981,8.659532
18,40,7,,0.197109,3.567981,8.659532
18,40,8,,0.0,3.567981,8.659532
18,40,9,,0.0,3.567981,8.659532
18,40,10,,0.0,3.567981,8.659532
18,40,11,,0.0,3.567981,8.659532
18,50,5,,22.272727,3.20079,7.786221
18,50,6,,0.0,3.20079,7.786221
18,50,7,,0.132802,3.20079,7.786221
18,50,8,,0.0,3.20079,7.786221
18,50,9,,0.0,3.20079,7.786221
18,50,10,,0.0,3.20079,7.786221
18,50,11,,0.0,3.20079,7.786221
18,60,5,,21.171171,3.072521,7.389655
18,60,6,,0.0,3.072521,7.389655
18,60,7,,0.336474,3.072521,7.389655
18,60,8,,0.0,3.072521,7.389655
18,60,9,,0.0,3.072521,7.389655
18,60,10,,0.0,3.072521,7.389655
18,60,11,,0.0,3.072521,7.389655
18,70,5,,20.465116,2.992081,7.135255
18,70,6,,0.0,2.992081,7.135255
18,70,7,,0.479452,2.992081,7.135255
18,70,8,,0.0,2.992081,7.135255
18,70,9,,0.0,2.992081,7.135255
18,70,10,,0.0,2.992081,7.135255
18,70,11,,0.0,2.992081,7.135255
18,80,5,,19.069767,2.873685,6.621866
18,80,6,,0.0,2.873685,6.621866
18,80,7,,1.046025,2.873685,6.621866
18,80,8,,0.0,2.873685,6.621866
18,80,9,,0.0,2.873685,6.621866
18,80,10,,0.0,2.873685,6.621866
18,80,11,,0.0,2.873685,6.621866
18,90,5,,22.274882,3.432226,7.716162
18,90,6,,0.0,3.432226,7.716162
18,90,7,,1.7507,3.432226,7.716162
18,90,8,,0.0,3.432226,7.716162
18,90,9,,0.0,3.432226,7.716162
18,90,10,,0.0,3.432226,7.716162
18,90,11,,0.0,3.432226,7.716162
18,100,5,,24.64455,3.970916,8.509749
18,100,6,,0.0,3.970916,8.509749
18,100,7,,3.151862,3.970916,8.509749
18,100,8,,0.0,3.970916,8.509749
18,100,9,,0.0,3.970916,8.509749
18,100,10,,0.0,3.970916,8.509749
18,100,11,,0.0,3.970916,8.509749
18,110,5,,25.471698,4.248696,8.788575
18,110,6,,0.0,4.248696,8.788575
18,110,7,,4.269175,4.248696,8.788575
18,110,8,,0.0,4.248696,8.788575
18,110,9,,0.0,4.248696,8.788575
18,110,10,,0.0,4.248696,8.788575
18,110,11,,0.0,4.248696,8.788575
18,120,5,,27.804878,4.744326,9.59739
18,120,6,,0.0,4.744326,9.59739
18,120,7,,5.405405,4.744326,9.59739
18,120,8,,0.0,4.744326,9.59739
18,120,9,,0.0,4.744326,9.59739
18,120,10,,0.0,4.744326,9.59739
18,120,11,,0.0,4.744326,9.59739
18,130,5,,29.353234,5.070327,10.137222
18,130,6,,0.0,5.070327,10.137222
18,130,7,,6.139053,5.070327,10.137222
18,130,8,,0.0,5.070327,10.137222
18,130,9,,0.0,5.070327,10.137222
18,130,10,,0.0,5.070327,10.137222
18,130,11,,0.0,5.070327,10.137222
18,140,5,,32.124352,5.629312,11.104442
18,140,6,,0.0,5.629312,11.104442
18,140,7,,7.280832,5.629312,11.104442
18,140,8,,0.0,5.629312,11.104442
18,140,9,,0.0,5.629312,11.104442
18,140,10,,0.0,5.629312,11.104442
18,140,11,,0.0,5.629312,11.104442
18,150,5,,34.536082,6.189847,11.963371
18,150,6,,0.0,6.189847,11.963371
18,150,7,,8.792846,6.189847,11.963371
18,150,8,,0.0,6.189847,11.963371
18,150,9,,0.0,6.189847,11.963371
18,150,10,,0.0,6.189847,11.963371
18,150,11,,0.0,6.189847,11.963371
18,160,5,,36.125654,6.501091,12.5199
18,160,6,,0.0,6.501091,12.5199
18,160,7,,9.381981,6.501091,12.5199
18,160,8,,0.0,6.501091,12.5199
18,160,9,,0.0,6.501091,12.5199
18,160,10,,0.0,6.501091,12.5199
18,160,11,,0.0,6.501091,12.5199
18,170,5,,38.743455,7.039654,13.443671
18,170,6,,0.0,7.039654,13.443671
18,170,7,,10.534125,7.039654,13.443671
18,170,8,,0.0,7.039654,13.443671
18,170,9,,0.0,7.039654,13.443671
18,170,10,,0.0,7.039654,13.443671
18,170,11,,0.0,7.039654,13.443671
18,180,5,,40.106952,7.246632,13.906551
18,180,6,,0.0,7.246632,13.906551
18,180,7,,10.619469,7.246632,13.906551
18,180,8,,0.0,7.246632,13.906551
18,180,9,,0.0,7.246632,13.906551
18,180,10,,0.0,7.246632,13.906551
18,180,11,,0.0,7.246632,13.906551
18,190,5,,40.206186,7.26505,13.941077
18,190,6,,0.0,7.26505,13.941077
18,190,7,,10.649161,7.26505,13.941077
18,190,8,,0.0,7.26505,13.941077
18,190,9,,0.0,7.26505,13.941077
18,190,10,,0.0,7.26505,13.941077
18,190,11,,0.0,7.26505,13.941077
18,200,5,,40.512821,7.466601,13.97377
18,200,6,,0.0,7.466601,13.97377
18,200,7,,10.711718,7.466601,13.97377
18,200,8,,0.0,7.466601,13.97377
18,200,9,,1.041667,7.466601,13.97377
18,200,10,,0.0,7.466601,13.97377
18,200,11,,0.0,7.466601,13.97377
18,210,5,,42.1875,8.042514,14.356387
18,210,6,,0.0,8.042514,14.356387
18,210,7,,9.89957,8.042514,14.356387
18,210,8,,0.0,8.042514,14.356387
18,210,9,,4.210526,8.042514,14.356387
18,210,10,,0.0,8.042514,14.356387
18,210,11,,0.0,8.042514,14.356387
18,220,5,,43.814433,8.419894,14.837682
18,220,6,,0.0,8.419894,14.837682
18,220,7,,8.842105,8.419894,14.837682
18,220,8,,0.0,8.419894,14.837682
18,220,9,,6.282723,8.419894,14.837682
18,220,10,,0.0,8.419894,14.837682
18,220,11,,0.0,8.419894,14.837682
18,230,5,,44.387755,8.87618,15.017892
18,230,6,,0.0,8.87618,15.017892
18,230,7,,7.745505,8.87618,15.017892
18,230,8,,0.0,8.87618,15.017892
18,230,9,,10.0,8.87618,15.017892
18,230,10,,0.0,8.87618,15.017892
18,230,11,,0.0,8.87618,15.017892
18,240,5,,45.360825,9.640982,15.540185
18,240,6,,0.0,9.640982,15.540185
18,240,7,,6.662135,9.640982,15.540185
18,240,8,,0.0,9.640982,15.540185
18,240,9,,15.463918,9.640982,15.540185
18,240,10,,0.0,9.640982,15.540185
18,240,11,,0.0,9.640982,15.540185
18,250,5,,46.666667,10.319455,16.302318
18,250,6,,0.0,10.319455,16.302318
18,250,7,,5.674232,10.319455,16.302318
18,250,8,,0.0,10.319455,16.302318
18,250,9,,19.895288,10.319455,16.302318
18,250,10,,0.0,10.319455,16.302318
18,250,11,,0.0,10.319455,16.302318
18,260,5,,50.0,11.061219,17.65966
18,260,6,,0.0,11.061219,17.65966
18,260,7,,4.677207,11.061219,17.65966
18,260,8,,0.0,11.061219,17.65966
18,260,9,,22.751323,11.061219,17.65966
18,260,10,,0.0,11.061219,17.65966
18,260,11,,0.0,11.061219,17.65966
18,270,5,,51.941748,11.834226,18.819026
18,270,6,,0.0,11.834226,18.819026
18,270,7,,3.529412,11.834226,18.819026
18,270,8,,0.0,11.834226,18.819026
18,270,9,,27.368421,11.834226,18.819026
18,270,10,,0.0,11.834226,18.819026
18,270,11,,0.0,11.834226,18.819026
18,280,5,,54.066986,12.084275,19.588826
18,280,6,,0.0,12.084275,19.588826
18,280,7,,2.628205,12.084275,19.588826
18,280,8,,0.0,12.084275,19.588826
18,280,9,,27.894737,12.084275,19.588826
18,280,10,,0.0,12.084275,19.588826
18,280,11,,0.0,12.084275,19.588826
18,290,5,,55.188679,12.389725,20.176049
18,290,6,,0.0,12.389725,20.176049
18,290,7,,1.969504,12.389725,20.176049
18,290,8,,0.0,12.389725,20.176049
18,290,9,,29.569892,12.389725,20.176049
18,290,10,,0.0,12.389725,20.176049
18,290,11,,0.0,12.389725,20.176049
18,300,5,,55.760369,12.021157,20.091484
18,300,6,,0.0,12.021157,20.091484
18,300,7,,1.444724,12.021157,20.091484
18,300,8,,0.0,12.021157,20.091484
18,300,9,,26.943005,12.021157,20.091484
18,300,10,,0.0,12.021157,20.091484
18,300,11,,0.0,12.021157,20.091484
18,310,5,,55.656109,11.22793,19.630329
18,310,6,,0.0,11.22793,19.630329
18,310,7,,1.000625,11.22793,19.630329
18,310,8,,0.0,11.22793,19.630329
18,310,9,,21.938776,11.22793,19.630329
18,310,10,,0.0,11.22793,19.630329
18,310,11,,0.0,11.22793,19.630329
18,320,5,,53.153153,10.272602,18.577351
18,320,6,,0.0,10.272602,18.577351
18,320,7,,0.620347,10.272602,18.577351
18,320,8,,0.0,10.272602,18.577351
18,320,9,,18.134715,10.272602,18.577351
18,320,10,,0.0,10.272602,18.577351
18,320,11,,0.0,10.272602,18.577351
18,330,5,,52.752294,9.457464,18.22375
18,330,6,,0.0,9.457464,18.22375
18,330,7,,0.496586,9.457464,18.22375
18,330,8,,0.0,9.457464,18.22375
18,330,9,,12.953368,9.457464,18.22375
18,330,10,,0.0,9.457464,18.22375
18,330,11,,0.0,9.457464,18.22375
18,340,5,,50.446429,8.54483,17.381382
18,340,6,,0.0,8.54483,17.381382
18,340,7,,0.372671,8.54483,17.381382
18,340,8,,0.0,8.54483,17.381382
18,340,9,,8.994709,8.54483,17.381382
18,340,10,,0.0,8.54483,17.381382
18,340,11,,0.0,8.54483,17.381382
18,350,5,,46.902655,7.180513,16.252707
18,350,6,,0.0,7.180513,16.252707
18,350,7,,0.186335,7.180513,16.252707
18,350,8,,0.0,7.180513,16.252707
18,350,9,,3.174603,7.180513,16.252707
18,350,10,,0.0,7.180513,16.252707
18,350,11,,0.0,7.180513,16.252707
36,0,5,,52.488688,7.624806,18.318148
36,0,6,,0.0,7.624806,18.318148
36,0,7,,0.0,7.624806,18.318148
36,0,8,,0.0,7.624806,18.318148
36,0,9,,0.884956,7.624806,18.318148
36,0,10,,0.0,7.624806,18.318148
36,0,11,,0.0,7.624806,18.318148
36,10,5,,40.84507,5.89936,14.267373
36,10,6,,0.0,5.89936,14.267373
36,10,7,,0.0,5.89936,14.267373
36,10,8,,0.0,5.89936,14.267373
36,10,9,,0.45045,5.89936,14.267373
36,10,10,,0.0,5.89936,14.267373
36,10,11,,0.0,5.89936,14.267373
36,20,5,,29.245283,4.177898,10.233717
36,20,6,,0.0,4.177898,10.233717
36,20,7,,0.0,4.177898,10.233717
36,20,8,,0.0,4.177898,10.233717
36,20,9,,0.0,4.177898,10.233717
36,20,10,,0.0,4.177898,10.233717
36,20,11,,0.0,4.177898,10.233717
36,30,5,,19.43128,2.775897,6.799531
36,30,6,,0.0,2.775897,6.799531
36,30,7,,0.0,2.775897,6.799531
36,30,8,,0.0,2.775897,6.799531
36,30,9,,0.0,2.775897,6.799531
36,30,10,,0.0,2.775897,6.799531
36,30,11,,0.0,2.775897,6.799531
36,40,5,,11.682243,1.668892,4.087933
36,40,6,,0.0,1.668892,4.087933
36,40,7,,0.0,1.668892,4.087933
36,40,8,,0.0,1.668892,4.087933
36,40,9,,0.0,1.668892,4.087933
36,40,10,,0.0,1.668892,4.087933
36,40,11,,0.0,1.668892,4.087933
36,50,5,,8.133971,1.161996,2.846297
36,50,6,,0.0,1.161996,2.846297
36,50,7,,0.0,1.161996,2.846297
36,50,8,,0.0,1.161996,2.846297
36,50,9,,0.0,1.161996,2.846297
36,50,10,,0.0,1.161996,2.846297
36,50,11,,0.0,1.161996,2.846297
36,60,5,,6.698565,0.956938,2.344009
36,60,6,,0.0,0.956938,2.344009
36,60,7,,0.0,0.956938,2.344009
36,60,8,,0.0,0.956938,2.344009
36,60,9,,0.0,0.956938,2.344009
36,60,10,,0.0,0.956938,2.344009
36,60,11,,0.0,0.956938,2.344009
36,70,5,,7.619048,1.11038,2.657681
36,70,6,,0.0,1.11038,2.657681
36,70,7,,0.15361,1.11038,2.657681
36,70,8,,0.0,1.11038,2.657681
36,70,9,,0.0,1.11038,2.657681
36,70,10,,0.0,1.11038,2.657681
36,70,11,,0.0,1.11038,2.657681
36,80,5,,10.952381,1.722355,3.78735
36,80,6,,0.0,1.722355,3.78735
36,80,7,,1.104101,1.722355,3.78735
36,80,8,,0.0,1.722355,3.78735
36,80,9,,0.0,1.722355,3.78735
36,80,10,,0.0,1.722355,3.78735
36,80,11,,0.0,1.722355,3.78735
36,90,5,,16.190476,2.777124,5.589571
36,90,6,,0.0,2.777124,5.589571
36,90,7,,3.249391,2.777124,5.589571
36,90,8,,0.0,2.777124,5.589571
36,90,9,,0.0,2.777124,5.589571
36,90,10,,0.0,2.777124,5.589571
36,90,11,,0.0,2.777124,5.589571
36,100,5,,20.97561,3.937769,7.259152
36,100,6,,0.0,3.937769,7.259152
36,100,7,,6.09858,3.937769,7.259152
36,100,8,,0.0,3.937769,7.259152
36,100,9,,0.0,3.937769,7.259152
36,100,10,,0.490196,3.937769,7.259152
36,100,11,,0.0,3.937769,7.259152
36,110,5,,25.0,4.918927,8.754664
36,110,6,,0.0,4.918927,8.754664
36,110,7,,8.982036,4.918927,8.754664
36,110,8,,0.0,4.918927,8.754664
36,110,9,,0.0,4.918927,8.754664
36,110,10,,0.45045,4.918927,8.754664
36,110,11,,0.0,4.918927,8.754664
36,120,5,,29.896907,6.02437,10.559602
36,120,6,,0.0,6.02437,10.559602
36,120,7,,11.857018,6.02437,10.559602
36,120,8,,0.0,6.02437,10.559602
36,120,9,,0.0,6.02437,10.559602
36,120,10,,0.416667,6.02437,10.559602
36,120,11,,0.0,6.02437,10.559602
36,130,5,,39.037433,7.779641,13.765081
36,130,6,,0.0,7.779641,13.765081
36,130,7,,15.030946,7.779641,13.765081
36,130,8,,0.0,7.779641,13.765081
36,130,9,,0.0,7.779641,13.765081
36,130,10,,0.389105,7.779641,13.765081
36,130,11,,0.0,7.779641,13.765081
36,140,5,,49.450549,9.715059,17.439541
36,140,6,,0.0,9.715059,17.439541
36,140,7,,18.554862,9.715059,17.439541
36,140,8,,0.0,9.715059,17.439541
36,140,9,,0.0,9.715059,17.439541
36,140,10,,0.0,9.715059,17.439541
36,140,11,,0.0,9.715059,17.439541
36,150,5,,57.671958,11.362251,20.355326
36,150,6,,0.0,11.362251,20.355326
36,150,7,,21.863799,11.362251,20.355326
36,150,8,,0.0,11.362251,20.355326
36,150,9,,0.0,11.362251,20.355326
36,150,10,,0.0,11.362251,20.355326
36,150,11,,0.0,11.362251,20.355326
36,160,5,,62.944162,12.620952,22.335864
36,160,6,,0.0,12.620952,22.335864
36,160,7,,25.402504,12.620952,22.335864
36,160,8,,0.0,12.620952,22.335864
36,160,9,,0.0,12.620952,22.335864
36,160,10,,0.0,12.620952,22.335864
36,160,11,,0.0,12.620952,22.335864
36,170,5,,68.780488,13.713829,24.36332
36,170,6,,0.0,13.713829,24.36332
36,170,7,,27.216312,13.713829,24.36332
36,170,8,,0.0,13.713829,24.36332
36,170,9,,0.0,13.713829,24.36332
36,170,10,,0.0,13.713829,24.36332
36,170,11,,0.0,13.713829,24.36332
36,180,5,,69.014085,13.915747,24.534957
36,180,6,,0.0,13.915747,24.534957
36,180,7,,28.396144,13.915747,24.534957
36,180,8,,0.0,13.915747,24.534957
36,180,9,,0.0,13.915747,24.534957
36,180,10,,0.0,13.915747,24.534957
36,180,11,,0.0,13.915747,24.534957
36,190,5,,64.0553,13.179427,22.936183
36,190,6,,0.0,13.179427,22.936183
36,190,7,,28.200692,13.179427,22.936183
36,190,8,,0.0,13.179427,22.936183
36,190,9,,0.0,13.179427,22.936183
36,190,10,,0.0,13.179427,22.936183
36,190,11,,0.0,13.179427,22.936183
36,200,5,,60.444444,12.562977,21.643377
36,200,6,,0.0,12.562977,21.643377
36,200,7,,27.020202,12.562977,21.643377
36,200,8,,0.0,12.562977,21.643377
36,200,9,,0.47619,12.562977,21.643377
36,200,10,,0.0,12.562977,21.643377
36,200,11,,0.0,12.562977,21.643377
36,210,5,,53.246753,11.992171,18.881982
36,210,6,,0.0,11.992171,18.881982
36,210,7,,25.287356,11.992171,18.881982
36,210,8,,0.0,11.992171,18.881982
36,210,9,,5.263158,11.992171,18.881982
36,210,10,,0.147929,11.992171,18.881982
36,210,11,,0.0,11.992171,18.881982
36,220,5,,51.091703,12.157521,17.690544
36,220,6,,0.0,12.157521,17.690544
36,220,7,,22.991249,12.157521,17.690544
36,220,8,,0.0,12.157521,17.690544
36,220,9,,9.090909,12.157521,17.690544
36,220,10,,1.928783,12.157521,17.690544
36,220,11,,0.0,12.157521,17.690544
36,230,5,,48.45815,12.685695,16.45635
36,230,6,,0.0,12.685695,16.45635
36,230,7,,19.645609,12.685695,16.45635
36,230,8,,0.0,12.685695,16.45635
36,230,9,,16.425121,12.685695,16.45635
36,230,10,,4.270987,12.685695,16.45635
36,230,11,,0.0,12.685695,16.45635
36,240,5,,50.45045,14.786386,17.774688
36,240,6,,0.0,14.786386,17.774688
36,240,7,,16.679132,14.786386,17.774688
36,240,8,,0.0,14.786386,17.774688
36,240,9,,29.52381,14.786386,17.774688
36,240,10,,6.851312,14.786386,17.774688
36,240,11,,0.0,14.786386,17.774688
36,250,5,,53.636364,16.447779,19.997041
36,250,6,,0.0,16.447779,19.997041
36,250,7,,13.482336,16.447779,19.997041
36,250,8,,0.0,16.447779,19.997041
36,250,9,,39.52381,16.447779,19.997041
36,250,10,,8.491947,16.447779,19.997041
36,250,11,,0.0,16.447779,19.997041
36,260,5,,62.380952,19.156551,24.712985
36,260,6,,0.0,19.156551,24.712985
36,260,7,,9.979065,19.156551,24.712985
36,260,8,,0.0,19.156551,24.712985
36,260,9,,52.631579,19.156551,24.712985
36,260,10,,9.104258,19.156551,24.712985
36,260,11,,0.0,19.156551,24.712985
36,270,5,,73.5,21.600381,29.557161
36,270,6,,0.0,21.600381,29.557161
36,270,7,,6.662135,21.600381,29.557161
36,270,8,,0.0,21.600381,29.557161
36,270,9,,62.085308,21.600381,29.557161
36,270,10,,8.955224,21.600381,29.557161
36,270,11,,0.0,21.600381,29.557161
36,280,5,,81.59204,23.045443,33.261454
36,280,6,,0.0,23.045443,33.261454
36,280,7,,4.221636,23.045443,33.261454
36,280,8,,0.0,23.045443,33.261454
36,280,9,,68.867925,23.045443,33.261454
36,280,10,,6.636501,23.045443,33.261454
36,280,11,,0.0,23.045443,33.261454
36,290,5,,88.207547,23.314574,35.247384
36,290,6,,0.0,23.314574,35.247384
36,290,7,,2.250804,23.314574,35.247384
36,290,8,,0.0,23.314574,35.247384
36,290,9,,68.544601,23.314574,35.247384
36,290,10,,4.199067,23.314574,35.247384
36,290,11,,0.0,23.314574,35.247384
36,300,5,,93.055556,22.508699,35.743312
36,300,6,,0.0,22.508699,35.743312
36,300,7,,1.200253,22.508699,35.743312
36,300,8,,0.0,22.508699,35.743312
36,300,9,,61.860465,22.508699,35.743312
36,300,10,,1.444623,22.508699,35.743312
36,300,11,,0.0,22.508699,35.743312
36,310,5,,92.410714,20.700274,34.330584
36,310,6,,0.0,20.700274,34.330584
36,310,7,,0.436409,20.700274,34.330584
36,310,8,,0.0,20.700274,34.330584
36,310,9,,52.054795,20.700274,34.330584
36,310,10,,0.0,20.700274,34.330584
36,310,11,,0.0,20.700274,34.330584
36,320,5,,90.265487,18.661919,32.347813
36,320,6,,0.0,18.661919,32.347813
36,320,7,,0.1853,18.661919,32.347813
36,320,8,,0.0,18.661919,32.347813
36,320,9,,40.182648,18.661919,32.347813
36,320,10,,0.0,18.661919,32.347813
36,320,11,,0.0,18.661919,32.347813
36,330,5,,85.777778,15.947289,29.863591
36,330,6,,0.0,15.947289,29.863591
36,330,7,,0.061387,15.947289,29.863591
36,330,8,,0.0,15.947289,29.863591
36,330,9,,25.791855,15.947289,29.863591
36,330,10,,0.0,15.947289,29.863591
36,330,11,,0.0,15.947289,29.863591
36,340,5,,77.876106,13.016874,26.869967
36,340,6,,0.0,13.016874,26.869967
36,340,7,,0.0,13.016874,26.869967
36,340,8,,0.0,13.016874,26.869967
36,340,9,,13.242009,13.016874,26.869967
36,340,10,,0.0,13.016874,26.869967
36,340,11,,0.0,13.016874,26.869967
36,350,5,,66.666667,10.17316,23.11664
36,350,6,,0.0,10.17316,23.11664
36,350,7,,0.0,10.17316,23.11664
36,350,8,,0.0,10.17316,23.11664
36,350,9,,4.545455,10.17316,23.11664
36,350,10,,0.0,10.17316,23.11664
36,350,11,,0.0,10.17316,23.11664
54,0,5,,49.514563,9.129063,17.120753
54,0,6,,13.519313,9.129063,17.120753
54,0,7,,0.0,9.129063,17.120753
54,0,8,,0.0,9.129063,17.120753
54,0,9,,0.869565,9.129063,17.120753
54,0,10,,0.0,9.129063,17.120753
54,0,11,,0.0,9.129063,17.120753
54,10,5,,37.628866,6.23934,12.983431
54,10,6,,6.046512,6.23934,12.983431
54,10,7,,0.0,6.23934,12.983431
54,10,8,,0.0,6.23934,12.983431
54,10,9,,0.0,6.23934,12.983431
54,10,10,,0.0,6.23934,12.983431
54,10,11,,0.0,6.23934,12.983431
54,20,5,,41.621622,6.018647,14.535914
54,20,6,,0.508906,6.018647,14.535914
54,20,7,,0.0,6.018647,14.535914
54,20,8,,0.0,6.018647,14.535914
54,20,9,,0.0,6.018647,14.535914
54,20,10,,0.0,6.018647,14.535914
54,20,11,,0.0,6.018647,14.535914
54,30,5,,50.819672,7.340436,17.751388
54,30,6,,0.56338,7.340436,17.751388
54,30,7,,0.0,7.340436,17.751388
54,30,8,,0.0,7.340436,17.751388
54,30,9,,0.0,7.340436,17.751388
54,30,10,,0.0,7.340436,17.751388
54,30,11,,0.0,7.340436,17.751388
54,40,5,,52.717391,7.531056,18.447244
54,40,6,,0.0,7.531056,18.447244
54,40,7,,0.0,7.531056,18.447244
54,40,8,,0.0,7.531056,18.447244
54,40,9,,0.0,7.531056,18.447244
54,40,10,,0.0,7.531056,18.447244
54,40,11,,0.0,7.531056,18.447244
54,50,5,,48.186528,6.88379,16.861772
54,50,6,,0.0,6.88379,16.861772
54,50,7,,0.0,6.88379,16.861772
54,50,8,,0.0,6.88379,16.861772
54,50,9,,0.0,6.88379,16.861772
54,50,10,,0.0,6.88379,16.861772
54,50,11,,0.0,6.88379,16.861772
54,60,5,,32.835821,4.742685,11.469658
54,60,6,,0.0,4.742685,11.469658
54,60,7,,0.0,4.742685,11.469658
54,60,8,,0.0,4.742685,11.469658
54,60,9,,0.0,4.742685,11.469658
54,60,10,,0.362976,4.742685,11.469658
54,60,11,,0.0,4.742685,11.469658
54,70,5,,20.39801,3.238935,7.040908
54,70,6,,0.0,3.238935,7.040908
54,70,7,,0.191205,3.238935,7.040908
54,70,8,,0.0,3.238935,7.040908
54,70,9,,0.0,3.238935,7.040908
54,70,10,,2.083333,3.238935,7.040908
54,70,11,,0.0,3.238935,7.040908
54,80,5,,10.731707,2.369095,3.666007
54,80,6,,0.0,2.369095,3.666007
54,80,7,,2.19342,2.369095,3.666007
54,80,8,,0.0,2.369095,3.666007
54,80,9,,0.0,2.369095,3.666007
54,80,10,,3.658537,2.369095,3.666007
54,80,11,,0.0,2.369095,3.666007
54,90,5,,15.0,3.931941,5.281322
54,90,6,,0.0,3.931941,5.281322
54,90,7,,6.10766,3.931941,5.281322
54,90,8,,0.0,3.931941,5.281322
54,90,9,,0.0,3.931941,5.281322
54,90,10,,6.415929,3.931941,5.281322
54,90,11,,0.0,3.931941,5.281322
54,100,5,,21.827411,5.772734,7.768797
54,100,6,,0.0,5.772734,7.768797
54,100,7,,11.456103,5.772734,7.768797
54,100,8,,0.0,5.772734,7.768797
54,100,9,,0.0,5.772734,7.768797
54,100,10,,6.930693,5.772734,7.768797
54,100,11,,0.194932,5.772734,7.768797
54,110,5,,28.125,7.749834,9.922918
54,110,6,,0.0,7.749834,9.922918
54,110,7,,16.31753,7.749834,9.922918
54,110,8,,0.0,7.749834,9.922918
54,110,9,,0.0,7.749834,9.922918
54,110,10,,6.371191,7.749834,9.922918
54,110,11,,3.435115,7.749834,9.922918
54,120,5,,36.612022,10.17541,12.974954
54,120,6,,0.0,10.17541,12.974954
54,120,7,,21.970555,10.17541,12.974954
54,120,8,,0.0,10.17541,12.974954
54,120,9,,0.0,10.17541,12.974954
54,120,10,,6.075949,10.17541,12.974954
54,120,11,,6.569343,10.17541,12.974954
54,130,5,,52.298851,13.237902,18.37314
54,130,6,,0.0,13.237902,18.37314
54,130,7,,27.542857,13.237902,18.37314
54,130,8,,0.0,13.237902,18.37314
54,130,9,,0.0,13.237902,18.37314
54,130,10,,3.794643,13.237902,18.37314
54,130,11,,9.028961,13.237902,18.37314
54,140,5,,71.122995,16.663508,24.937183
54,140,6,,0.0,16.663508,24.937183
54,140,7,,33.758701,16.663508,24.937183
54,140,8,,0.0,16.663508,24.937183
54,140,9,,0.0,16.663508,24.937183
54,140,10,,2.04499,16.663508,24.937183
54,140,11,,9.717868,16.663508,24.937183
54,150,5,,79.104478,18.322503,28.527157
54,150,6,,0.0,18.322503,28.527157
54,150,7,,41.734104,18.322503,28.527157
54,150,8,,0.0,18.322503,28.527157
54,150,9,,0.0,18.322503,28.527157
54,150,10,,0.561798,18.322503,28.527157
54,150,11,,6.857143,18.322503,28.527157
54,160,5,,82.629108,19.358269,30.718287
54,160,6,,0.0,19.358269,30.718287
54,160,7,,48.831776,19.358269,30.718287
54,160,8,,0.0,19.358269,30.718287
54,160,9,,0.0,19.358269,30.718287
54,160,10,,0.0,19.358269,30.718287
54,160,11,,4.046997,19.358269,30.718287
54,170,5,,89.140271,20.756463,33.526437
54,170,6,,0.0,20.756463,33.526437
54,170,7,,54.166667,20.756463,33.526437
54,170,8,,0.0,20.756463,33.526437
54,170,9,,0.0,20.756463,33.526437
54,170,10,,0.0,20.756463,33.526437
54,170,11,,1.988304,20.756463,33.526437
54,180,5,,95.652174,21.86904,35.695359
54,180,6,,0.0,21.86904,35.695359
54,180,7,,55.819209,21.86904,35.695359
54,180,8,,0.0,21.86904,35.695359
54,180,9,,0.0,21.86904,35.695359
54,180,10,,1.292407,21.86904,35.695359
54,180,11,,0.319489,21.86904,35.695359
54,190,5,,95.299145,22.595263,35.364821
54,190,6,,0.0,22.595263,35.364821
54,190,7,,56.637168,22.595263,35.364821
54,190,8,,0.0,22.595263,35.364821
54,190,9,,0.0,22.595263,35.364821
54,190,10,,6.23053,22.595263,35.364821
54,190,11,,0.0,22.595263,35.364821
54,200,5,,81.171548,20.788963,31.067504
54,200,6,,0.0,20.788963,31.067504
54,200,7,,55.863539,20.788963,31.067504
54,200,8,,0.0,20.788963,31.067504
54,200,9,,0.0,20.788963,31.067504
54,200,10,,8.487654,20.788963,31.067504
54,200,11,,0.0,20.788963,31.067504
54,210,5,,65.145228,18.562071,25.459276
54,210,6,,0.0,18.562071,25.459276
54,210,7,,50.470219,18.562071,25.459276
54,210,8,,0.0,18.562071,25.459276
54,210,9,,1.895735,18.562071,25.459276
54,210,10,,12.423313,18.562071,25.459276
54,210,11,,0.0,18.562071,25.459276
54,220,5,,53.719008,17.680795,20.954765
54,220,6,,0.0,17.680795,20.954765
54,220,7,,45.154845,17.680795,20.954765
54,220,8,,0.0,17.680795,20.954765
54,220,9,,8.737864,17.680795,20.954765
54,220,10,,16.153846,17.680795,20.954765
54,220,11,,0.0,17.680795,20.954765
54,230,5,,49.186992,18.758541,18.471384
54,230,6,,0.0,18.758541,18.471384
54,230,7,,38.195777,18.758541,18.471384
54,230,8,,0.0,18.758541,18.471384
54,230,9,,24.019608,18.758541,18.471384
54,230,10,,19.907407,18.758541,18.471384
54,230,11,,0.0,18.758541,18.471384
54,240,5,,50.205761,20.567728,18.996469
54,240,6,,0.0,20.567728,18.996469
54,240,7,,31.415525,20.567728,18.996469
54,240,8,,0.0,20.567728,18.996469
54,240,9,,35.406699,20.567728,18.996469
54,240,10,,26.946108,20.567728,18.996469
54,240,11,,0.0,20.567728,18.996469
54,250,5,,59.917355,24.651617,24.401369
54,250,6,,0.0,24.651617,24.401369
54,250,7,,24.122807,24.651617,24.401369
54,250,8,,0.0,24.651617,24.401369
54,250,9,,57.142857,24.651617,24.401369
54,250,10,,31.378299,24.651617,24.401369
54,250,11,,0.0,24.651617,24.401369
54,260,5,,77.391304,28.993048,32.016745
54,260,6,,0.0,28.993048,32.016745
54,260,7,,16.694915,28.993048,32.016745
54,260,8,,0.0,28.993048,32.016745
54,260,9,,75.238095,28.993048,32.016745
54,260,10,,33.627019,28.993048,32.016745
54,260,11,,0.0,28.993048,32.016745
54,270,5,,94.545455,32.914501,39.714331
54,270,6,,0.0,32.914501,39.714331
54,270,7,,10.777958,32.914501,39.714331
54,270,8,,0.0,32.914501,39.714331
54,270,9,,92.093023,32.914501,39.714331
54,270,10,,32.985075,32.914501,39.714331
54,270,11,,0.0,32.914501,39.714331
54,280,5,,100.0,33.802521,42.493232
54,280,6,,0.440529,33.802521,42.493232
54,280,7,,5.551212,33.802521,42.493232
54,280,8,,3.543307,33.802521,42.493232
54,280,9,,99.033816,33.802521,42.493232
54,280,10,,28.04878,33.802521,42.493232
54,280,11,,0.0,33.802521,42.493232
54,290,5,,100.0,33.745061,42.329782
54,290,6,,6.882591,33.745061,42.329782
54,290,7,,2.42608,33.745061,42.329782
54,290,8,,6.434316,33.745061,42.329782
54,290,9,,100.0,33.745061,42.329782
54,290,10,,20.472441,33.745061,42.329782
54,290,11,,0.0,33.745061,42.329782
54,300,5,,100.0,32.815164,42.054077
54,300,6,,15.039062,32.815164,42.054077
54,300,7,,0.811209,32.815164,42.054077
54,300,8,,4.958678,32.815164,42.054077
54,300,9,,97.674419,32.815164,42.054077
54,300,10,,11.222781,32.815164,42.054077
54,300,11,,0.0,32.815164,42.054077
54,310,5,,100.0,29.825863,39.558662
54,310,6,,21.414914,29.825863,39.558662
54,310,7,,0.0,29.825863,39.558662
54,310,8,,2.545969,29.825863,39.558662
54,310,9,,81.900452,29.825863,39.558662
54,310,10,,2.919708,29.825863,39.558662
54,310,11,,0.0,29.825863,39.558662
54,320,5,,100.0,25.826229,35.784266
54,320,6,,26.235741,25.826229,35.784266
54,320,7,,0.0,25.826229,35.784266
54,320,8,,0.28777,25.826229,35.784266
54,320,9,,54.26009,25.826229,35.784266
54,320,10,,0.0,25.826229,35.784266
54,320,11,,0.0,25.826229,35.784266
54,330,5,,100.0,22.272942,33.997664
54,330,6,,27.466151,22.272942,33.997664
54,330,7,,0.0,22.272942,33.997664
54,330,8,,0.0,22.272942,33.997664
54,330,9,,28.444444,22.272942,33.997664
54,330,10,,0.0,22.272942,33.997664
54,330,11,,0.0,22.272942,33.997664
54,340,5,,94.618834,18.598209,32.216579
54,340,6,,24.901961,18.598209,32.216579
54,340,7,,0.0,18.598209,32.216579
54,340,8,,0.0,18.598209,32.216579
54,340,9,,10.666667,18.598209,32.216579
54,340,10,,0.0,18.598209,32.216579
54,340,11,,0.0,18.598209,32.216579
54,350,5,,74.056604,13.873025,25.410612
54,350,6,,19.175258,13.873025,25.410612
54,350,7,,0.0,13.873025,25.410612
54,350,8,,0.0,13.873025,25.410612
54,350,9,,3.87931,13.873025,25.410612
54,350,10,,0.0,13.873025,25.410612
54,350,11,,0.0,13.873025,25.410612
72,0,5,,50.515464,17.103009,21.051152
72,0,6,,48.859316,17.103009,21.051152
72,0,7,,0.0,17.103009,21.051152
72,0,8,,12.12766,17.103009,21.051152
72,0,9,,0.0,17.103009,21.051152
72,0,10,,7.966102,17.103009,21.051152
72,0,11,,0.252525,17.103009,21.051152
72,10,5,,55.747126,16.964941,24.047831
72,10,6,,54.016064,16.964941,24.047831
72,10,7,,0.0,16.964941,24.047831
72,10,8,,5.544148,16.964941,24.047831
72,10,9,,0.0,16.964941,24.047831
72,10,10,,2.269044,16.964941,24.047831
72,10,11,,1.178203,16.964941,24.047831
72,20,5,,79.245283,20.35348,31.372762
72,20,6,,59.130435,20.35348,31.372762
72,20,7,,0.0,20.35348,31.372762
72,20,8,,0.0,20.35348,31.372762
72,20,9,,0.0,20.35348,31.372762
72,20,10,,0.471698,20.35348,31.372762
72,20,11,,3.626943,20.35348,31.372762
72,30,5,,100.0,22.874211,35.990245
72,30,6,,51.536643,22.874211,35.990245
72,30,7,,0.0,22.874211,35.990245
72,30,8,,0.0,22.874211,35.990245
72,30,9,,0.0,22.874211,35.990245
72,30,10,,0.0,22.874211,35.990245
72,30,11,,8.582834,22.874211,35.990245
72,40,5,,100.0,21.187584,34.211753
72,40,6,,33.333333,21.187584,34.211753
72,40,7,,0.0,21.187584,34.211753
72,40,8,,0.0,21.187584,34.211753
72,40,9,,0.0,21.187584,34.211753
72,40,10,,0.0,21.187584,34.211753
72,40,11,,14.979757,21.187584,34.211753
72,50,5,,100.0,18.968679,34.094841
72,50,6,,7.317073,18.968679,34.094841
72,50,7,,0.0,18.968679,34.094841
72,50,8,,0.0,18.968679,34.094841
72,50,9,,0.0,18.968679,34.094841
72,50,10,,0.938967,18.968679,34.094841
72,50,11,,24.524715,18.968679,34.094841
72,60,5,,93.717277,18.508984,32.627262
72,60,6,,0.0,18.508984,32.627262
72,60,7,,0.0,18.508984,32.627262
72,60,8,,0.0,18.508984,32.627262
72,60,9,,0.0,18.508984,32.627262
72,60,10,,3.354633,18.508984,32.627262
72,60,11,,32.490975,18.508984,32.627262
72,70,5,,64.102564,15.596508,23.394432
72,70,6,,0.0,15.596508,23.394432
72,70,7,,0.258398,15.596508,23.394432
72,70,8,,0.0,15.596508,23.394432
72,70,9,,0.0,15.596508,23.394432
72,70,10,,7.907743,15.596508,23.394432
72,70,11,,36.906854,15.596508,23.394432
72,80,5,,32.323232,12.4957,15.661167
72,80,6,,0.43573,12.4957,15.661167
72,80,7,,2.303523,12.4957,15.661167
72,80,8,,0.0,12.4957,15.661167
72,80,9,,0.0,12.4957,15.661167
72,80,10,,12.305026,12.4957,15.661167
72,80,11,,40.102389,12.4957,15.661167
72,90,5,,12.820513,11.299711,12.88601
72,90,6,,3.162055,11.299711,12.88601
72,90,7,,6.911142,11.299711,12.88601
72,90,8,,0.0,11.299711,12.88601
72,90,9,,0.0,11.299711,12.88601
72,90,10,,16.820702,11.299711,12.88601
72,90,11,,39.383562,11.299711,12.88601
72,100,5,,15.025907,12.229892,11.169415
72,100,6,,5.150977,12.229892,11.169415
72,100,7,,13.069016,12.229892,11.169415
72,100,8,,0.0,12.229892,11.169415
72,100,9,,0.0,12.229892,11.169415
72,100,10,,18.237705,12.229892,11.169415
72,100,11,,34.125637,12.229892,11.169415
72,110,5,,25.136612,14.02766,10.866463
72,110,6,,5.647841,14.02766,10.866463
72,110,7,,22.322775,14.02766,10.866463
72,110,8,,0.0,14.02766,10.866463
72,110,9,,0.0,14.02766,10.866463
72,110,10,,18.969555,14.02766,10.866463
72,110,11,,26.116838,14.02766,10.866463
72,120,5,,35.83815,17.109969,15.279189
72,120,6,,3.312303,17.109969,15.279189
72,120,7,,36.137072,17.109969,15.279189
72,120,8,,0.0,17.109969,15.279189
72,120,9,,0.0,17.109969,15.279189
72,120,10,,15.426997,17.109969,15.279189
72,120,11,,29.055258,17.109969,15.279189
72,130,5,,55.865922,21.781563,22.695319
72,130,6,,1.343284,21.781563,22.695319
72,130,7,,47.160883,21.781563,22.695319
72,130,8,,0.0,21.781563,22.695319
72,130,9,,0.0,21.781563,22.695319
72,130,10,,9.51087,21.781563,22.695319
72,130,11,,38.589981,21.781563,22.695319
72,140,5,,76.315789,26.599045,30.269787
72,140,6,,0.0,26.599045,30.269787
72,140,7,,56.299841,26.599045,30.269787
72,140,8,,0.0,26.599045,30.269787
72,140,9,,0.0,26.599045,30.269787
72,140,10,,5.140187,26.599045,30.269787
72,140,11,,48.4375,26.599045,30.269787
72,150,5,,89.371981,28.757805,34.618807
72,150,6,,0.0,28.757805,34.618807
72,150,7,,63.157895,28.757805,34.618807
72,150,8,,0.0,28.757805,34.618807
72,150,9,,0.0,28.757805,34.618807
72,150,10,,1.886792,28.757805,34.618807
72,150,11,,46.887967,28.757805,34.618807
72,160,5,,90.950226,29.040352,36.794813
72,160,6,,0.0,29.040352,36.794813
72,160,7,,77.287066,29.040352,36.794813
72,160,8,,0.0,29.040352,36.794813
72,160,9,,0.990099,29.040352,36.794813
72,160,10,,0.379507,29.040352,36.794813
72,160,11,,33.675565,29.040352,36.794813
72,170,5,,94.736842,30.559328,38.528479
72,170,6,,0.0,30.559328,38.528479
72,170,7,,86.228482,30.559328,38.528479
72,170,8,,0.0,30.559328,38.528479
72,170,9,,6.698565,30.559328,38.528479
72,170,10,,5.114638,30.559328,38.528479
72,170,11,,21.136767,30.559328,38.528479
72,180,5,,98.701299,33.237281,39.305588
72,180,6,,0.0,33.237281,39.305588
72,180,7,,89.953632,33.237281,39.305588
72,180,8,,0.0,33.237281,39.305588
72,180,9,,10.447761,33.237281,39.305588
72,180,10,,21.344538,33.237281,39.305588
72,180,11,,12.21374,33.237281,39.305588
72,190,5,,99.561404,34.173423,40.743521
72,190,6,,0.0,34.173423,40.743521
72,190,7,,91.278195,34.173423,40.743521
72,190,8,,0.0,34.173423,40.743521
72,190,9,,5.181347,34.173423,40.743521
72,190,10,,38.788871,34.173423,40.743521
72,190,11,,4.404145,34.173423,40.743521
72,200,5,,83.913043,32.942308,40.035425
72,200,6,,0.0,32.942308,40.035425
72,200,7,,96.387283,32.942308,40.035425
72,200,8,,0.0,32.942308,40.035425
72,200,9,,0.0,32.942308,40.035425
72,200,10,,49.840764,32.942308,40.035425
72,200,11,,0.455063,32.942308,40.035425
72,210,5,,60.352423,32.465075,34.313162
72,210,6,,0.0,32.465075,34.313162
72,210,7,,93.108298,32.465075,34.313162
72,210,8,,0.0,32.465075,34.313162
72,210,9,,19.791667,32.465075,34.313162
72,210,10,,54.00314,32.465075,34.313162
72,210,11,,0.0,32.465075,34.313162
72,220,5,,44.396552,34.364421,31.176016
72,220,6,,0.0,34.364421,31.176016
72,220,7,,78.455285,34.364421,31.176016
72,220,8,,0.0,34.364421,31.176016
72,220,9,,61.780105,34.364421,31.176016
72,220,10,,55.919003,34.364421,31.176016
72,220,11,,0.0,34.364421,31.176016
72,230,5,,37.759336,35.494242,34.859718
72,230,6,,0.0,35.494242,34.859718
72,230,7,,61.608301,35.494242,34.859718
72,230,8,,0.0,35.494242,34.859718
72,230,9,,96.791444,35.494242,34.859718
72,230,10,,52.300613,35.494242,34.859718
72,230,11,,0.0,35.494242,34.859718
72,240,5,,41.532258,31.897225,30.025294
72,240,6,,0.0,31.897225,30.025294
72,240,7,,46.191646,31.897225,30.025294
72,240,8,,0.0,31.897225,30.025294
72,240,9,,81.675393,31.897225,30.025294
72,240,10,,53.881279,31.897225,30.025294
72,240,11,,0.0,31.897225,30.025294
72,250,5,,59.839357,32.346465,29.88713
72,250,6,,0.0,32.346465,29.88713
72,250,7,,33.489461,32.346465,29.88713
72,250,8,,0.0,32.346465,29.88713
72,250,9,,69.473684,32.346465,29.88713
72,250,10,,63.622754,32.346465,29.88713
72,250,11,,0.0,32.346465,29.88713
72,260,5,,79.098361,38.40874,38.127588
72,260,6,,0.0,38.40874,38.127588
72,260,7,,22.096956,38.40874,38.127588
72,260,8,,4.361874,38.40874,38.127588
72,260,9,,95.876289,38.40874,38.127588
72,260,10,,67.427702,38.40874,38.127588
72,260,11,,0.0,38.40874,38.127588
72,270,5,,96.638655,42.403037,40.826921
72,270,6,,2.294455,42.403037,40.826921
72,270,7,,12.674544,42.403037,40.826921
72,270,8,,18.959732,42.403037,40.826921
72,270,9,,100.0,42.403037,40.826921
72,270,10,,66.25387,42.403037,40.826921
72,270,11,,0.0,42.403037,40.826921
72,280,5,,100.0,45.155101,39.50527
72,280,6,,11.795775,45.155101,39.50527
72,280,7,,5.349794,45.155101,39.50527
72,280,8,,41.247834,45.155101,39.50527
72,280,9,,100.0,45.155101,39.50527
72,280,10,,57.692308,45.155101,39.50527
72,280,11,,0.0,45.155101,39.50527
72,290,5,,100.0,47.442982,38.826577
72,290,6,,25.29511,47.442982,38.826577
72,290,7,,1.705115,47.442982,38.826577
72,290,8,,60.992908,47.442982,38.826577
72,290,9,,100.0,47.442982,38.826577
72,290,10,,44.107744,47.442982,38.826577
72,290,11,,0.0,47.442982,38.826577
72,300,5,,100.0,49.011661,39.768144
72,300,6,,39.108911,49.011661,39.768144
72,300,7,,0.096899,49.011661,39.768144
72,300,8,,73.857404,49.011661,39.768144
72,300,9,,100.0,49.011661,39.768144
72,300,10,,30.018416,49.011661,39.768144
72,300,11,,0.0,49.011661,39.768144
72,310,5,,100.0,47.20231,38.941508
72,310,6,,49.672131,47.20231,38.941508
72,310,7,,0.0,47.20231,38.941508
72,310,8,,70.864662,47.20231,38.941508
72,310,9,,91.584158,47.20231,38.941508
72,310,10,,18.295218,47.20231,38.941508
72,310,11,,0.0,47.20231,38.941508
72,320,5,,100.0,41.20402,34.018237
72,320,6,,60.099338,41.20402,34.018237
72,320,7,,0.0,41.20402,34.018237
72,320,8,,45.472062,41.20402,34.018237
72,320,9,,62.318841,41.20402,34.018237
72,320,10,,20.537897,41.20402,34.018237
72,320,11,,0.0,41.20402,34.018237
72,330,5,,100.0,35.883998,33.323306
72,330,6,,65.076661,35.883998,33.323306
72,330,7,,0.0,35.883998,33.323306
72,330,8,,36.0,35.883998,33.323306
72,330,9,,25.358852,35.883998,33.323306
72,330,10,,24.752475,35.883998,33.323306
72,330,11,,0.0,35.883998,33.323306
72,340,5,,83.856502,30.144291,29.26095
72,340,6,,57.940663,30.144291,29.26095
72,340,7,,0.0,30.144291,29.26095
72,340,8,,37.242798,30.144291,29.26095
72,340,9,,10.194175,30.144291,29.26095
72,340,10,,21.775899,30.144291,29.26095
72,340,11,,0.0,30.144291,29.26095
72,350,5,,61.971831,22.552401,23.382641
72,350,6,,46.727273,22.552401,23.382641
72,350,7,,0.0,22.552401,23.382641
72,350,8,,34.115139,22.552401,23.382641
72,350,9,,0.952381,22.552401,23.382641
72,350,10,,14.100186,22.552401,23.382641
72,350,11,,0.0,22.552401,23.382641
90,0,5,,100.0,40.474035,38.006732
90,0,6,,88.607595,40.474035,38.006732
90,0,7,,0.0,40.474035,38.006732
90,0,8,,52.777778,40.474035,38.006732
90,0,9,,0.0,40.474035,38.006732
90,0,10,,26.5625,40.474035,38.006732
90,0,11,,15.37037,40.474035,38.006732
90,10,5,,100.0,38.940168,38.511418
90,10,6,,92.090395,38.940168,38.511418
90,10,7,,0.0,38.940168,38.511418
90,10,8,,29.251701,38.940168,38.511418
90,10,9,,0.0,38.940168,38.511418
90,10,10,,12.443096,38.940168,38.511418
90,10,11,,38.795987,38.940168,38.511418
90,20,5,,93.452381,37.125373,41.834115
90,20,6,,99.209486,37.125373,41.834115
90,20,7,,0.0,37.125373,41.834115
90,20,8,,5.08982,37.125373,41.834115
90,20,9,,0.0,37.125373,41.834115
90,20,10,,4.918033,37.125373,41.834115
90,20,11,,57.207891,37.125373,41.834115
90,30,5,,93.333333,35.320356,41.439331
90,30,6,,90.128755,35.320356,41.439331
90,30,7,,0.0,35.320356,41.439331
90,30,8,,0.0,35.320356,41.439331
90,30,9,,0.0,35.320356,41.439331
90,30,10,,1.190476,35.320356,41.439331
90,30,11,,62.589928,35.320356,41.439331
90,40,5,,99.428571,35.945905,42.392936
90,40,6,,85.514019,35.945905,42.392936
90,40,7,,0.0,35.945905,42.392936
90,40,8,,0.0,35.945905,42.392936
90,40,9,,0.0,35.945905,42.392936
90,40,10,,0.149254,35.945905,42.392936
90,40,11,,66.529492,35.945905,42.392936
90,50,5,,96.216216,33.038296,38.427799
90,50,6,,61.942257,33.038296,38.427799
90,50,7,,0.0,33.038296,38.427799
90,50,8,,0.0,33.038296,38.427799
90,50,9,,0.0,33.038296,38.427799
90,50,10,,3.308271,33.038296,38.427799
90,50,11,,69.801325,33.038296,38.427799
90,60,5,,98.974359,29.086527,37.663468
90,60,6,,22.492401,29.086527,37.663468
90,60,7,,0.0,29.086527,37.663468
90,60,8,,0.0,29.086527,37.663468
90,60,9,,0.0,29.086527,37.663468
90,60,10,,8.079268,29.086527,37.663468
90,60,11,,74.059663,29.086527,37.663468
90,70,5,,95.918367,27.435841,39.2096
90,70,6,,0.0,27.435841,39.2096
90,70,7,,0.0,27.435841,39.2096
90,70,8,,0.0,27.435841,39.2096
90,70,9,,0.0,27.435841,39.2096
90,70,10,,14.826498,27.435841,39.2096
90,70,11,,81.306018,27.435841,39.2096
90,80,5,,46.632124,22.829794,29.934906
90,80,6,,4.415584,22.829794,29.934906
90,80,7,,0.406504,22.829794,29.934906
90,80,8,,0.0,22.829794,29.934906
90,80,9,,0.0,22.829794,29.934906
90,80,10,,23.709677,22.829794,29.934906
90,80,11,,84.64467,22.829794,29.934906
90,90,5,,9.375,20.886835,27.850907
90,90,6,,20.627803,20.886835,27.850907
90,90,7,,2.30608,20.886835,27.850907
90,90,8,,0.0,20.886835,27.850907
90,90,9,,0.0,20.886835,27.850907
90,90,10,,29.761905,20.886835,27.850907
90,90,11,,84.137056,20.886835,27.850907
90,100,5,,8.465608,21.884465,23.858717
90,100,6,,33.399602,21.884465,23.858717
90,100,7,,6.935123,21.884465,23.858717
90,100,8,,0.0,21.884465,23.858717
90,100,9,,0.0,21.884465,23.858717
90,100,10,,34.124088,21.884465,23.858717
90,100,11,,70.266836,21.884465,23.858717
90,110,5,,17.41573,25.548653,20.906524
90,110,6,,46.363636,25.548653,20.906524
90,110,7,,20.366133,25.548653,20.906524
90,110,8,,0.0,25.548653,20.906524
90,110,9,,0.0,25.548653,20.906524
90,110,10,,35.569106,25.548653,20.906524
90,110,11,,59.125964,25.548653,20.906524
90,120,5,,78.313253,36.314186,26.546913
90,120,6,,49.155405,36.314186,26.546913
90,120,7,,39.906103,36.314186,26.546913
90,120,8,,0.0,36.314186,26.546913
90,120,9,,0.0,36.314186,26.546913
90,120,10,,32.159624,36.314186,26.546913
90,120,11,,54.664915,36.314186,26.546913
90,130,5,,96.703297,43.188451,34.495749
90,130,6,,48.867314,43.188451,34.495749
90,130,7,,64.508393,43.188451,34.495749
90,130,8,,0.0,43.188451,34.495749
90,130,9,,0.0,43.188451,34.495749
90,130,10,,21.306818,43.188451,34.495749
90,130,11,,70.933333,43.188451,34.495749
90,140,5,,97.474747,50.815075,38.461097
90,140,6,,40.122511,50.815075,38.461097
90,140,7,,93.887531,50.815075,38.461097
90,140,8,,0.0,50.815075,38.461097
90,140,9,,0.0,50.815075,38.461097
90,140,10,,42.253521,50.815075,38.461097
90,140,11,,81.967213,50.815075,38.461097
90,150,5,,98.578199,56.286275,35.589584
90,150,6,,19.762259,56.286275,35.589584
90,150,7,,97.536946,56.286275,35.589584
90,150,8,,0.0,56.286275,35.589584
90,150,9,,39.884393,56.286275,35.589584
90,150,10,,57.384988,56.286275,35.589584
90,150,11,,80.857143,56.286275,35.589584
90,160,5,,93.243243,59.648932,39.349754
90,160,6,,2.315485,59.648932,39.349754
90,160,7,,96.585366,59.648932,39.349754
90,160,8,,0.0,59.648932,39.349754
90,160,9,,96.491228,59.648932,39.349754
90,160,10,,57.478632,59.648932,39.349754
90,160,11,,71.428571,59.648932,39.349754
90,170,5,,99.547511,53.802335,40.673857
90,170,6,,0.0,53.802335,40.673857
90,170,7,,91.767554,53.802335,40.673857
90,170,8,,0.0,53.802335,40.673857
90,170,9,,98.342541,53.802335,40.673857
90,170,10,,37.992126,53.802335,40.673857
90,170,11,,48.966614,53.802335,40.673857
90,180,5,,95.909091,47.539772,40.004742
90,180,6,,0.0,47.539772,40.004742
90,180,7,,84.085511,47.539772,40.004742
90,180,8,,0.0,47.539772,40.004742
90,180,9,,95.428571,47.539772,40.004742
90,180,10,,29.798903,47.539772,40.004742
90,180,11,,27.556326,47.539772,40.004742
90,190,5,,87.142857,36.721276,31.516536
90,190,6,,0.0,36.721276,31.516536
90,190,7,,62.124711,36.721276,31.516536
90,190,8,,0.0,36.721276,31.516536
90,190,9,,34.911243,36.721276,31.516536
90,190,10,,59.511344,36.721276,31.516536
90,190,11,,13.358779,36.721276,31.516536
90,200,5,,69.230769,30.369118,35.83096
90,200,6,,0.0,30.369118,35.83096
90,200,7,,49.435666,30.369118,35.83096
90,200,8,,0.0,30.369118,35.83096
90,200,9,,0.0,30.369118,35.83096
90,200,10,,90.524535,30.369118,35.83096
90,200,11,,3.392857,30.369118,35.83096
90,210,5,,44.270833,32.719345,33.508713
90,210,6,,0.0,32.719345,33.508713
90,210,7,,59.340659,32.719345,33.508713
90,210,8,,0.0,32.719345,33.508713
90,210,9,,31.034483,32.719345,33.508713
90,210,10,,94.389439,32.719345,33.508713
90,210,11,,0.0,32.719345,33.508713
90,220,5,,18.181818,36.312972,37.690464
90,220,6,,0.0,36.312972,37.690464
90,220,7,,65.271967,36.312972,37.690464
90,220,8,,0.0,36.312972,37.690464
90,220,9,,87.349398,36.312972,37.690464
90,220,10,,83.387622,36.312972,37.690464
90,220,11,,0.0,36.312972,37.690464
90,230,5,,9.589041,33.364111,36.153148
90,230,6,,0.0,33.364111,36.153148
90,230,7,,65.469062,33.364111,36.153148
90,230,8,,0.0,33.364111,36.153148
90,230,9,,80.606061,33.364111,36.153148
90,230,10,,77.884615,33.364111,36.153148
90,230,11,,0.0,33.364111,36.153148
90,240,5,,20.425532,32.036566,32.632066
90,240,6,,0.0,32.036566,32.632066
90,240,7,,53.606238,32.036566,32.632066
90,240,8,,0.0,32.036566,32.632066
90,240,9,,69.461078,32.036566,32.632066
90,240,10,,80.763116,32.036566,32.632066
90,240,11,,0.0,32.036566,32.632066
90,250,5,,34.95935,37.835296,39.146609
90,250,6,,0.0,37.835296,39.146609
90,250,7,,35.700935,37.835296,39.146609
90,250,8,,3.193613,37.835296,39.146609
90,250,9,,96.407186,37.835296,39.146609
90,250,10,,94.585987,37.835296,39.146609
90,250,11,,0.0,37.835296,39.146609
90,260,5,,54.435484,40.519093,38.920384
90,260,6,,0.543478,40.519093,38.920384
90,260,7,,18.165468,40.519093,38.920384
90,260,8,,18.35443,40.519093,38.920384
90,260,9,,94.08284,40.519093,38.920384
90,260,10,,98.051948,40.519093,38.920384
90,260,11,,0.0,40.519093,38.920384
90,270,5,,74.380165,44.969147,41.096182
90,270,6,,5.685619,44.969147,41.096182
90,270,7,,5.457746,44.969147,41.096182
90,270,8,,32.735426,44.969147,41.096182
90,270,9,,97.687861,44.969147,41.096182
90,270,10,,98.837209,44.969147,41.096182
90,270,11,,0.0,44.969147,41.096182
90,280,5,,93.80531,48.996535,40.15772
90,280,6,,16.957211,48.996535,40.15772
90,280,7,,1.680672,48.996535,40.15772
90,280,8,,49.061033,48.996535,40.15772
90,280,9,,98.809524,48.996535,40.15772
90,280,10,,82.661996,48.996535,40.15772
90,280,11,,0.0,48.996535,40.15772
90,290,5,,99.038462,51.750323,38.361057
90,290,6,,35.493827,51.750323,38.361057
90,290,7,,0.328947,51.750323,38.361057
90,290,8,,68.36983,51.750323,38.361057
90,290,9,,97.687861,51.750323,38.361057
90,290,10,,61.333333,51.750323,38.361057
90,290,11,,0.0,51.750323,38.361057
90,300,5,,98.484848,56.478614,39.865478
90,300,6,,60.559006,56.478614,39.865478
90,300,7,,0.0,56.478614,39.865478
90,300,8,,88.118812,56.478614,39.865478
90,300,9,,100.0,56.478614,39.865478
90,300,10,,48.187633,56.478614,39.865478
90,300,11,,0.0,56.478614,39.865478
90,310,5,,87.323944,58.231688,38.685552
90,310,6,,85.3125,58.231688,38.685552
90,310,7,,0.0,58.231688,38.685552
90,310,8,,78.643216,58.231688,38.685552
90,310,9,,99.415205,58.231688,38.685552
90,310,10,,56.926952,58.231688,38.685552
90,310,11,,0.0,58.231688,38.685552
90,320,5,,68.03653,60.016994,39.503444
90,320,6,,97.435897,60.016994,39.503444
90,320,7,,0.0,60.016994,39.503444
90,320,8,,87.935657,60.016994,39.503444
90,320,9,,97.252747,60.016994,39.503444
90,320,10,,69.458128,60.016994,39.503444
90,320,11,,0.0,60.016994,39.503444
90,330,5,,62.995595,57.481619,38.34973
90,330,6,,95.559211,57.481619,38.34973
90,330,7,,0.0,57.481619,38.34973
90,330,8,,99.150142,57.481619,38.34973
90,330,9,,76.136364,57.481619,38.34973
90,330,10,,68.530021,57.481619,38.34973
90,330,11,,0.0,57.481619,38.34973
90,340,5,,84.753363,52.308661,38.621664
90,340,6,,92.268908,52.308661,38.621664
90,340,7,,0.0,52.308661,38.621664
90,340,8,,97.597598,52.308661,38.621664
90,340,9,,34.615385,52.308661,38.621664
90,340,10,,56.34058,52.308661,38.621664
90,340,11,,0.584795,52.308661,38.621664
90,350,5,,100.0,44.957777,41.124601
90,350,6,,86.29174,44.957777,41.124601
90,350,7,,0.0,44.957777,41.124601
90,350,8,,81.672026,44.957777,41.124601
90,350,9,,0.0,44.957777,41.124601
90,350,10,,43.094842,44.957777,41.124601
90,350,11,,3.645833,44.957777,41.124601
